<isatab-config-file xmlns="http://www.ebi.ac.uk/bii/isatab_configuration#"><isatab-configuration table-name="Host Factor EXPERIMENT"><measurement term-label="[Sample]" term-accession="" source-abbreviation=""/><technology term-label="" term-accession="" source-abbreviation=""/><field header="Source Name" data-type="String" is-file-field="false" is-multiple-value="false" is-required="true" is-hidden="false" is-forced-ontology="false"><description><![CDATA[Animal Subject ID]]></description><default-value><![CDATA[]]></default-value></field><field header="Characteristics[Organism/Host/ model]" data-type="Ontology term" is-file-field="false" is-multiple-value="false" is-required="false" is-hidden="false" is-forced-ontology="false"><description><![CDATA[Host/model species name]]></description><default-value></default-value></field><field header="Characteristics[Host Model Type]" data-type="List" is-file-field="false" is-multiple-value="false" is-required="false" is-hidden="false" is-forced-ontology="false"><description><![CDATA[see list]]></description><default-value><![CDATA[]]></default-value><list-values>Animal,Cell Line</list-values></field><field header="Characteristics[Host Strain name]" data-type="String" is-file-field="false" is-multiple-value="false" is-required="false" is-hidden="false" is-forced-ontology="false"><description><![CDATA[Cell line or animal strain name]]></description><default-value><![CDATA[]]></default-value></field><field header="Comment[Host Strain Characteristics]" data-type="String" is-file-field="false" is-multiple-value="false" is-required="false" is-hidden="false" is-forced-ontology="false"><description><![CDATA[knockout? akt driven cell line? what>>]]></description><default-value><![CDATA[]]></default-value></field><field header="Characteristics[Host Age]" data-type="String" is-file-field="false" is-multiple-value="false" is-required="false" is-hidden="false" is-forced-ontology="false"><description><![CDATA[yup]]></description><default-value><![CDATA[]]></default-value></field><field header="Characteristics[Host Gender]" data-type="String" is-file-field="false" is-multiple-value="false" is-required="false" is-hidden="false" is-forced-ontology="false"><description><![CDATA[yup]]></description><default-value><![CDATA[]]></default-value></field><field header="Characteristics[Host Phenotype]" data-type="String" is-file-field="false" is-multiple-value="false" is-required="false" is-hidden="false" is-forced-ontology="false"><description><![CDATA[sick healthy]]></description><default-value><![CDATA[]]></default-value></field><field header="Characteristics[Virus Family]" data-type="String" is-file-field="false" is-multiple-value="false" is-required="false" is-hidden="false" is-forced-ontology="false"><description><![CDATA[yup]]></description><default-value><![CDATA[]]></default-value></field><field header="Characteristics[Virus strain name]" data-type="String" is-file-field="false" is-multiple-value="false" is-required="false" is-hidden="false" is-forced-ontology="false"><description><![CDATA[yup]]></description><default-value><![CDATA[]]></default-value></field><field header="Comment[Virus strain description]" data-type="String" is-file-field="false" is-multiple-value="false" is-required="false" is-hidden="false" is-forced-ontology="false"><description><![CDATA[yup]]></description><default-value><![CDATA[]]></default-value></field><protocol-field protocol-type ="Provided"/><field header="Parameter Value[Treatment 1]" data-type="String" is-file-field="false" is-multiple-value="false" is-required="false" is-hidden="false" is-forced-ontology="false"><description><![CDATA[agent or what have you]]></description><default-value><![CDATA[]]></default-value></field><field header="Factor Value[Treatment 1 Dose]" data-type="String" is-file-field="false" is-multiple-value="false" is-required="false" is-hidden="false" is-forced-ontology="false"><description><![CDATA[yup]]></description><default-value><![CDATA[]]></default-value></field><unit-field data-type="Ontology term" is-multiple-value="false" is-required="false" is-forced-ontology="false"><default-value></default-value><description>how much"</description></unit-field><field header="Factor Value[Treatment 1 Time]" data-type="String" is-file-field="false" is-multiple-value="false" is-required="false" is-hidden="false" is-forced-ontology="false"><description><![CDATA[yup]]></description><default-value><![CDATA[]]></default-value></field><unit-field data-type="Ontology term" is-multiple-value="false" is-required="false" is-forced-ontology="false"><default-value></default-value><description>Fetch"</description></unit-field><field header="Factor Value[Temperature]" data-type="String" is-file-field="false" is-multiple-value="false" is-required="false" is-hidden="false" is-forced-ontology="false"><description><![CDATA[yup]]></description><default-value><![CDATA[]]></default-value></field><unit-field data-type="Ontology term" is-multiple-value="false" is-required="false" is-forced-ontology="false"><default-value></default-value><description>hyup"</description></unit-field><field header="Sample Name" data-type="String" is-file-field="false" is-multiple-value="false" is-required="true" is-hidden="false" is-forced-ontology="false"><description><![CDATA[Biosample ID]]></description><default-value><![CDATA[]]></default-value></field><field header="Characteristics[Source Name ID]" data-type="String" is-file-field="false" is-multiple-value="false" is-required="false" is-hidden="false" is-forced-ontology="false"><description><![CDATA[animal ID (Source Name) for biosample (sample name)]]></description><default-value><![CDATA[]]></default-value></field><field header="Characteristics[in situ sample type]" data-type="String" is-file-field="false" is-multiple-value="false" is-required="false" is-hidden="false" is-forced-ontology="false"><description><![CDATA[cell line, lung tissue , ///]]></description><default-value><![CDATA[]]></default-value></field><field header="Factor Value[Sample Concentration]" data-type="String" is-file-field="false" is-multiple-value="false" is-required="false" is-hidden="false" is-forced-ontology="false"><description><![CDATA[how much of model. cells or tissue...]]></description><default-value><![CDATA[]]></default-value></field><unit-field data-type="Ontology term" is-multiple-value="false" is-required="false" is-forced-ontology="false"><default-value></default-value><description>yup"</description></unit-field><protocol-field protocol-type ="provided"/><field header="Parameter Value[Treatment1 (Biosample)]" data-type="String" is-file-field="false" is-multiple-value="false" is-required="false" is-hidden="false" is-forced-ontology="false"><description><![CDATA[agent 1]]></description><default-value><![CDATA[]]></default-value></field><field header="Factor Value[Treatment1 Dose (Biosample)]" data-type="String" is-file-field="false" is-multiple-value="false" is-required="false" is-hidden="false" is-forced-ontology="false"><description><![CDATA[yup]]></description><default-value><![CDATA[]]></default-value></field><unit-field data-type="Ontology term" is-multiple-value="false" is-required="false" is-forced-ontology="false"><default-value></default-value><description>ypu"</description></unit-field><field header="Factor Value[Treatment1 Time (Biosample)]" data-type="String" is-file-field="false" is-multiple-value="false" is-required="false" is-hidden="false" is-forced-ontology="false"><description><![CDATA[yup]]></description><default-value><![CDATA[]]></default-value></field><unit-field data-type="Ontology term" is-multiple-value="false" is-required="false" is-forced-ontology="false"><default-value></default-value><description>yup"</description></unit-field><field header="Factor Value[Treatment1 Temperature (Biosample)]" data-type="String" is-file-field="false" is-multiple-value="false" is-required="false" is-hidden="false" is-forced-ontology="false"><description><![CDATA[yup]]></description><default-value><![CDATA[]]></default-value></field><unit-field data-type="Ontology term" is-multiple-value="false" is-required="false" is-forced-ontology="false"><default-value></default-value><description>yup"</description></unit-field><structured-field name="characteristics"/><structured-field name="factors"/></isatab-configuration></isatab-config-file>