<isatab-config-file xmlns="http://www.ebi.ac.uk/bii/isatab_configuration#"><isatab-configuration table-name="Host Factor BIOSET" isatab-assay-type="transcriptomics_assay" isatab-conversion-target="generic"><measurement term-label="EXPRESSION ANALYSIS" term-accession="" source-abbreviation=""/><technology term-label="MICROARRAY" term-accession="" source-abbreviation=""/><field header="Sample Name" data-type="String" is-file-field="false" is-multiple-value="false" is-required="true" is-hidden="false" is-forced-ontology="false"><description><![CDATA[Experiment sample ID]]></description><default-value><![CDATA[]]></default-value></field><field header="Source Name" data-type="String" is-file-field="false" is-multiple-value="false" is-required="false" is-hidden="false" is-forced-ontology="false"><description><![CDATA[Biosample ID]]></description><default-value><![CDATA[]]></default-value></field><field header="Acquisition Parameter Data File" data-type="String" is-file-field="false" is-multiple-value="false" is-required="false" is-hidden="false" is-forced-ontology="false"><description><![CDATA[dont know]]></description><default-value><![CDATA[]]></default-value></field><field header="Raw Data File" data-type="String" is-file-field="false" is-multiple-value="false" is-required="true" is-hidden="false" is-forced-ontology="false"><description><![CDATA[unprocessed Matrix]]></description><default-value><![CDATA[]]></default-value></field><field header="Array Design REF" data-type="String" is-file-field="false" is-multiple-value="false" is-required="false" is-hidden="false" is-forced-ontology="false"><description><![CDATA[Bioset equation]]></description><default-value><![CDATA[]]></default-value></field><field header="Array Data File" data-type="String" is-file-field="false" is-multiple-value="false" is-required="false" is-hidden="false" is-forced-ontology="false"><description><![CDATA[Data Matrix]]></description><default-value><![CDATA[]]></default-value></field><field header="Assay Name" data-type="String" is-file-field="false" is-multiple-value="false" is-required="true" is-hidden="false" is-forced-ontology="false"><description><![CDATA[Bioset ID]]></description><default-value><![CDATA[]]></default-value></field><field header="Array Design File" data-type="String" is-file-field="false" is-multiple-value="false" is-required="false" is-hidden="false" is-forced-ontology="false"><description><![CDATA[Readme??]]></description><default-value><![CDATA[]]></default-value></field><field header="Comment[Significance thresholds]" data-type="String" is-file-field="false" is-multiple-value="false" is-required="false" is-hidden="false" is-forced-ontology="false"><description><![CDATA[Statistical Critieria]]></description><default-value><![CDATA[]]></default-value></field><field header="Comment[Meaning of Significant Data ]" data-type="String" is-file-field="false" is-multiple-value="false" is-required="false" is-hidden="false" is-forced-ontology="false"><description><![CDATA[What is the underlying meaning of a significant entity]]></description><default-value><![CDATA[]]></default-value></field><field header="Data Transformation Name" data-type="String" is-file-field="false" is-multiple-value="false" is-required="false" is-hidden="false" is-forced-ontology="false"><description><![CDATA[Processing]]></description><default-value><![CDATA[]]></default-value></field><field header="Derived Array Data File" data-type="String" is-file-field="false" is-multiple-value="false" is-required="false" is-hidden="false" is-forced-ontology="false"><description><![CDATA[Bioset Matrix]]></description><default-value><![CDATA[]]></default-value></field><structured-field name="factors"/></isatab-configuration></isatab-config-file>